Dataset,ACC,AUC
R_test_lt,0.660574412532637,0.6982186803373123
