Dataset,ACC,AUC
R_test_lt,0.5575757575757576,0.6872396694214876
