Dataset,ACC,AUC
R_test_lt,0.6974146369551448,0.7700270998166135
