Dataset,ACC,AUC
R_test_lt,0.6641414141414141,0.707415059687787
