Class,Precision,Recall,F1
Duplication,0.5,1.0,0.6666666666666666
Non-Links,0.0,0.0,
Other-Links,0.5,1.0,0.6666666666666666
Both,0.6666666666666666,1.0,0.8
