Dataset,ACC,AUC
R_test_linked,0.7300627627108884,0.8286016417642853
