Dataset,ACC,AUC
R_test_lt,0.6240188383045526,0.7227454228883922
