Dataset,ACC,AUC
R_test_linked,0.42676767676767674,0.730343204775023
