Dataset,ACC,AUC
R_test_lt,0.5492424242424242,0.6530257295971075
