Dataset,ACC,AUC
R_test_lt,0.6832579185520362,0.77534755635634
