Dataset,ACC,AUC
R_test_lt,0.6606060606060606,0.7038809917355372
