Dataset,ACC,AUC
R_test_linked,0.8449709060681629,0.9292733569408428
