Dataset,ACC,AUC
R_test_lt,0.7012035583464155,0.7615416653317528
