Dataset,ACC,AUC
R_test_lt,0.6666666666666666,0.8195087219651123
