Dataset,ACC,AUC
R_test_lt,0.6862745098039216,0.8027272168874512
