Dataset,ACC,AUC
R_test_lt,0.8131003706224945,0.8682414788775146
