Dataset,ACC,AUC
R_test_lt,0.6149773071104387,0.6634952314033887
