Dataset,ACC,AUC
R_test_lt,0.6482405098365198,0.790564879968961
