Dataset,ACC,AUC
R_test_linked,0.7392027834505711,0.8243762283006968
