Dataset,ACC,AUC
R_test_lt,0.6742424242424242,0.729654499540863
