Dataset,ACC,AUC
R_test_lt,0.786929884275017,0.8678046467630015
