Dataset,ACC,AUC
R_test_lt,0.6219842229515748,0.7241292355807458
