Dataset,ACC,AUC
R_test_lt,0.7666943751731782,0.8526871269975519
