Dataset,ACC,AUC
R_test_linked,0.6447302067574382,0.7211157737897698
