Dataset,ACC,AUC
R_test_linked,0.6176470588235294,0.7039849832396194
