Dataset,ACC,AUC
R_test_lt,0.6690909090909091,0.7317355371900826
