Dataset,ACC,AUC
R_test_lt,0.6420753671377113,0.7481156617668906
