Dataset,ACC,AUC
R_test_lt,0.6666666666666666,0.7706531141868511
