Dataset,ACC,AUC
R_test_linked,0.6259469696969697,0.669562725981405
