Dataset,ACC,AUC
R_test_lt,0.7058311575282855,0.7513480901771775
