Dataset,ACC,AUC
R_test_lt,0.6439950980392157,0.7291965154628028
