Dataset,ACC,AUC
R_test_linked,0.7197802197802198,0.7656819520466078
