Dataset,ACC,AUC
R_test_lt,0.6354009077155824,0.7029623204194808
