Dataset,ACC,AUC
R_test_lt,0.6066565809379728,0.6982540894120447
