Dataset,ACC,AUC
R_test_linked,0.6500754147812972,0.7417333797424295
