Dataset,ACC,AUC
R_test_lt,0.6973039215686274,0.7490056971777681
