Dataset,ACC,AUC
R_test_lt,0.6420454545454546,0.6826131521177685
