Dataset,ACC,AUC
R_test_linked,0.6690909090909091,0.716304132231405
