Dataset,ACC,AUC
R_test_lt,0.7119155354449472,0.7893265903646527
