Dataset,ACC,AUC
R_test_lt,0.6676136363636364,0.6763502388946282
