Dataset,ACC,AUC
R_test_lt,0.6745551908792538,0.770541572384859
