Dataset,ACC,AUC
R_test_lt,0.6427696078431373,0.7281152005839101
