Dataset,ACC,AUC
R_test_linked,0.556135770234987,0.6678721649203416
