Dataset,ACC,AUC
R_test_lt,0.6889063317634746,0.7716148227193305
