Dataset,ACC,AUC
R_test_linked,0.3333333333333333,0.696689213243147
