Dataset,ACC,AUC
R_test_lt,0.7926026775584297,0.8513526323125292
