Dataset,ACC,AUC
R_test_lt,0.5972850678733032,0.7983712454699945
