Dataset,ACC,AUC
R_test_linked,0.5408805031446541,0.6685653257386971
