Dataset,ACC,AUC
R_test_lt,0.5987878787878788,0.7335537190082645
