Dataset,ACC,AUC
R_test_lt,0.6137165910237015,0.6948783361294147
