Dataset,ACC,AUC
R_test_linked,0.6388888888888888,0.6954344582185491
