Dataset,ACC,AUC
R_test_lt,0.6953242835595776,0.8102106836469359
