Dataset,ACC,AUC
R_test_lt,0.5552654482158399,0.7534801518859628
