Dataset,ACC,AUC
R_test_lt,0.8037545026323081,0.9064825165197286
