Dataset,ACC,AUC
R_test_linked,0.8634747749791998,0.9436244445566903
