Dataset,ACC,AUC
R_test_lt,0.6617647058823529,0.7694636678200693
