Dataset,ACC,AUC
R_test_lt,0.5666666666666667,0.7050000000000001
