Dataset,ACC,AUC
R_test_lt,0.7560161197466897,0.862764778990255
