Dataset,ACC,AUC
R_test_lt,0.8124196354284849,0.9145179562250352
