Dataset,ACC,AUC
R_test_lt,0.7156862745098039,0.8247188581314879
