Dataset,ACC,AUC
R_test_linked,0.6363636363636364,0.7835041322314049
