Dataset,ACC,AUC
R_test_linked,0.8638457109959701,0.9356857054395376
