Dataset,ACC,AUC
R_test_lt,0.7254901960784313,0.8354238754325259
