Dataset,ACC,AUC
R_test_lt,0.7100353000504287,0.7839419197063083
