Dataset,ACC,AUC
R_test_linked,0.6892950391644909,0.7381006755789459
