Dataset,ACC,AUC
R_test_lt,0.7077205882352942,0.8182563121756055
