Dataset,ACC,AUC
R_test_lt,0.7776265032902201,0.8833608824873728
