Dataset,ACC,AUC
R_test_lt,0.6233160621761658,0.7698459222164993
