Dataset,ACC,AUC
R_test_lt,0.6364094805849723,0.8117993584652602
