Dataset,ACC,AUC
R_test_lt,0.6392045454545454,0.7228701252582644
