Dataset,ACC,AUC
R_test_linked,0.5909090909090909,0.6852845751549586
