Dataset,ACC,AUC
R_test_lt,0.7987421383647799,0.8422926308294767
