Dataset,ACC,AUC
R_test_lt,0.6606334841628959,0.7940562232550521
