Dataset,ACC,AUC
R_test_lt,0.6414141414141414,0.7249196510560146
