Dataset,ACC,AUC
R_test_lt,0.6981818181818182,0.7421157024793388
