Dataset,ACC,AUC
R_test_lt,0.7197802197802198,0.8430923752184125
