Dataset,ACC,AUC
R_test_lt,0.6121212121212121,0.7209421487603305
