Dataset,ACC,AUC
R_test_lt,0.5732323232323232,0.6870408631772267
