Dataset,ACC,AUC
R_test_linked,0.8091275844679778,0.8862611890936806
