Dataset,ACC,AUC
R_test_lt,0.5456919060052219,0.7509407658379292
