Dataset,ACC,AUC
R_test_lt,0.6212121212121212,0.7342315197428835
