Dataset,ACC,AUC
R_test_lt,0.5558712121212122,0.6766791225464877
