Dataset,ACC,AUC
R_test_lt,0.779874213836478,0.83374866500534
