Dataset,ACC,AUC
R_test_lt,0.4895833333333333,0.6619116412706613
