Dataset,ACC,AUC
R_test_lt,0.6862745098039216,0.8002397477833045
