Dataset,ACC,AUC
R_test_lt,0.6553524804177546,0.7793563252868313
