Dataset,ACC,AUC
R_test_lt,0.5690737833594977,0.7644326266915413
