Dataset,ACC,AUC
R_test_lt,0.6674726540011514,0.8246075263322515
