Dataset,ACC,AUC
R_test_lt,0.6519607843137255,0.7575007771950693
