Dataset,ACC,AUC
R_test_linked,0.6621417797888386,0.7339530312647162
