Dataset,ACC,AUC
R_test_linked,0.8097854526425955,0.9116677222754818
