Dataset,ACC,AUC
R_test_linked,0.9242172346910501,0.976156054947834
