Dataset,ACC,AUC
R_test_lt,0.6505264616237185,0.7762009495518616
