Dataset,ACC,AUC
R_test_lt,0.6736630645608201,0.8458484464752499
