Dataset,ACC,AUC
R_test_lt,0.7677180243551925,0.9075308950336813
