Dataset,ACC,AUC
R_test_linked,0.7377450980392157,0.8426078611591696
