Dataset,ACC,AUC
R_test_lt,0.7535321821036107,0.8539208884858134
