Dataset,ACC,AUC
R_test_linked,0.8382352941176471,0.9240916955017302
