Dataset,ACC,AUC
R_test_lt,0.7232704402515723,0.8074047703809184
